<metadata xml:lang="en"><Esri><CreaDate>20230922</CreaDate><CreaTime>17054100</CreaTime><ArcGISFormat>1.0</ArcGISFormat><SyncOnce>FALSE</SyncOnce><DataProperties><lineage><Process ToolSource="c:\program files\arcgis\pro\Resources\ArcToolbox\toolboxes\Conversion Tools.tbx\JSONToFeatures" Date="20230922" Time="170541">JSONToFeatures E:\Data\PaperData\2023.ThesisWriting\chapter_7\s7_case_area\s2_bldg_line_making\s3_match_opennes_to_line\output\line_pwvoi_full.json E:\Software\ArcGISPro\Projects\20230922_thesis_chapter7\20230922_thesis_chapter7.gdb\line_pwvoi_full Polygon</Process><Process ToolSource="c:\program files\arcgis\pro\Resources\ArcToolbox\toolboxes\Conversion Tools.tbx\ExportFeatures" Date="20230922" Time="171017">ExportFeatures line_pwvoi_full E:\Software\ArcGISPro\Projects\20230922_thesis_chapter7\20230922_thesis_chapter7.gdb\line_pwvoi_full_no_999 # NOT_USE_ALIAS "affId "affId" true true false 4 Long 0 0,First,#,line_pwvoi_full,affId,-1,-1;BaseLevelA "BaseLevelA" true true false 8 Double 0 0,First,#,line_pwvoi_full,BaseLevelA,-1,-1;BaseLevelB "BaseLevelB" true true false 8 Double 0 0,First,#,line_pwvoi_full,BaseLevelB,-1,-1;bldgId "bldgId" true true false 254 Text 0 0,First,#,line_pwvoi_full,bldgId,0,254;facadeId "facadeId" true true false 4 Long 0 0,First,#,line_pwvoi_full,facadeId,-1,-1;FloorHeigh "FloorHeigh" true true false 8 Double 0 0,First,#,line_pwvoi_full,FloorHeigh,-1,-1;floorLevel "floorLevel" true true false 8 Double 0 0,First,#,line_pwvoi_full,floorLevel,-1,-1;heading "heading" true true false 8 Double 0 0,First,#,line_pwvoi_full,heading,-1,-1;NUM_STOREY "NUM_STOREY" true true false 4 Long 0 0,First,#,line_pwvoi_full,NUM_STOREY,-1,-1;pointEndX "pointEndX" true true false 8 Double 0 0,First,#,line_pwvoi_full,pointEndX,-1,-1;pointEndY "pointEndY" true true false 8 Double 0 0,First,#,line_pwvoi_full,pointEndY,-1,-1;pointStart "pointStart" true true false 8 Double 0 0,First,#,line_pwvoi_full,pointStart,-1,-1;pointSta_1 "pointSta_1" true true false 8 Double 0 0,First,#,line_pwvoi_full,pointSta_1,-1,-1;RoofLevelA "RoofLevelA" true true false 8 Double 0 0,First,#,line_pwvoi_full,RoofLevelA,-1,-1;RoofLevelB "RoofLevelB" true true false 8 Double 0 0,First,#,line_pwvoi_full,RoofLevelB,-1,-1;Shape_Leng "Shape_Leng" true true false 8 Double 0 0,First,#,line_pwvoi_full,Shape_Leng,-1,-1;bldgidlong "bldgidlong" true true false 4 Long 0 0,First,#,line_pwvoi_full,bldgidlong,-1,-1;AMRstart "AMRstart" true true false 8 Double 0 0,First,#,line_pwvoi_full,AMRstart,-1,-1;PWVOIstart "PWVOIstart" true true false 4 Long 0 0,First,#,line_pwvoi_full,PWVOIstart,-1,-1;AMRend "AMRend" true true false 8 Double 0 0,First,#,line_pwvoi_full,AMRend,-1,-1;PWVOIend "PWVOIend" true true false 4 Long 0 0,First,#,line_pwvoi_full,PWVOIend,-1,-1;Shape_Length "Shape_Length" false true true 8 Double 0 0,First,#,line_pwvoi_full,Shape_Length,-1,-1" #</Process><Process ToolSource="c:\program files\arcgis\pro\Resources\ArcToolbox\toolboxes\Conversion Tools.tbx\ExportFeatures" Date="20230922" Time="223027">ExportFeatures PWVOI E:\Software\ArcGISPro\Projects\20230922_thesis_chapter7\20230922_thesis_chapter7.gdb\PWVOI_building_level # NOT_USE_ALIAS "affId "affId" true true false 4 Long 0 0,First,#,PWVOI,affId,-1,-1;BaseLevelA "BaseLevelA" true true false 8 Double 0 0,First,#,PWVOI,BaseLevelA,-1,-1;BaseLevelB "BaseLevelB" true true false 8 Double 0 0,First,#,PWVOI,BaseLevelB,-1,-1;bldgId "bldgId" true true false 254 Text 0 0,First,#,PWVOI,bldgId,0,254;facadeId "facadeId" true true false 4 Long 0 0,First,#,PWVOI,facadeId,-1,-1;FloorHeigh "FloorHeigh" true true false 8 Double 0 0,First,#,PWVOI,FloorHeigh,-1,-1;floorLevel "floorLevel" true true false 8 Double 0 0,First,#,PWVOI,floorLevel,-1,-1;heading "heading" true true false 8 Double 0 0,First,#,PWVOI,heading,-1,-1;NUM_STOREY "NUM_STOREY" true true false 4 Long 0 0,First,#,PWVOI,NUM_STOREY,-1,-1;pointEndX "pointEndX" true true false 8 Double 0 0,First,#,PWVOI,pointEndX,-1,-1;pointEndY "pointEndY" true true false 8 Double 0 0,First,#,PWVOI,pointEndY,-1,-1;pointStart "pointStart" true true false 8 Double 0 0,First,#,PWVOI,pointStart,-1,-1;pointSta_1 "pointSta_1" true true false 8 Double 0 0,First,#,PWVOI,pointSta_1,-1,-1;RoofLevelA "RoofLevelA" true true false 8 Double 0 0,First,#,PWVOI,RoofLevelA,-1,-1;RoofLevelB "RoofLevelB" true true false 8 Double 0 0,First,#,PWVOI,RoofLevelB,-1,-1;Shape_Leng "Shape_Leng" true true false 8 Double 0 0,First,#,PWVOI,Shape_Leng,-1,-1;bldgidlong "bldgidlong" true true false 4 Long 0 0,First,#,PWVOI,bldgidlong,-1,-1;AMRstart "AMRstart" true true false 8 Double 0 0,First,#,PWVOI,AMRstart,-1,-1;PWVOIstart "PWVOIstart" true true false 4 Long 0 0,First,#,PWVOI,PWVOIstart,-1,-1;AMRend "AMRend" true true false 8 Double 0 0,First,#,PWVOI,AMRend,-1,-1;PWVOIend "PWVOIend" true true false 4 Long 0 0,First,#,PWVOI,PWVOIend,-1,-1;Shape_Length "Shape_Length" false true true 8 Double 0 0,First,#,PWVOI,Shape_Length,-1,-1" #</Process><Process ToolSource="c:\program files\arcgis\pro\Resources\ArcToolbox\toolboxes\Conversion Tools.tbx\ExportFeatures" Date="20230922" Time="223900">ExportFeatures PWVOI_building_level E:\Software\ArcGISPro\Projects\20230922_thesis_chapter7\20230922_thesis_chapter7.gdb\PWVOI_building_with_avg_pwvoi # NOT_USE_ALIAS "affId "affId" true true false 4 Long 0 0,First,#,PWVOI_building_level,PWVOI_building_level.affId,-1,-1;BaseLevelA "BaseLevelA" true true false 8 Double 0 0,First,#,PWVOI_building_level,PWVOI_building_level.BaseLevelA,-1,-1;BaseLevelB "BaseLevelB" true true false 8 Double 0 0,First,#,PWVOI_building_level,PWVOI_building_level.BaseLevelB,-1,-1;bldgId "bldgId" true true false 254 Text 0 0,First,#,PWVOI_building_level,PWVOI_building_level.bldgId,0,254;facadeId "facadeId" true true false 4 Long 0 0,First,#,PWVOI_building_level,PWVOI_building_level.facadeId,-1,-1;FloorHeigh "FloorHeigh" true true false 8 Double 0 0,First,#,PWVOI_building_level,PWVOI_building_level.FloorHeigh,-1,-1;floorLevel "floorLevel" true true false 8 Double 0 0,First,#,PWVOI_building_level,PWVOI_building_level.floorLevel,-1,-1;heading "heading" true true false 8 Double 0 0,First,#,PWVOI_building_level,PWVOI_building_level.heading,-1,-1;NUM_STOREY "NUM_STOREY" true true false 4 Long 0 0,First,#,PWVOI_building_level,PWVOI_building_level.NUM_STOREY,-1,-1;pointEndX "pointEndX" true true false 8 Double 0 0,First,#,PWVOI_building_level,PWVOI_building_level.pointEndX,-1,-1;pointEndY "pointEndY" true true false 8 Double 0 0,First,#,PWVOI_building_level,PWVOI_building_level.pointEndY,-1,-1;pointStart "pointStart" true true false 8 Double 0 0,First,#,PWVOI_building_level,PWVOI_building_level.pointStart,-1,-1;pointSta_1 "pointSta_1" true true false 8 Double 0 0,First,#,PWVOI_building_level,PWVOI_building_level.pointSta_1,-1,-1;RoofLevelA "RoofLevelA" true true false 8 Double 0 0,First,#,PWVOI_building_level,PWVOI_building_level.RoofLevelA,-1,-1;RoofLevelB "RoofLevelB" true true false 8 Double 0 0,First,#,PWVOI_building_level,PWVOI_building_level.RoofLevelB,-1,-1;Shape_Leng "Shape_Leng" true true false 8 Double 0 0,First,#,PWVOI_building_level,PWVOI_building_level.Shape_Leng,-1,-1;bldgidlong "bldgidlong" true true false 4 Long 0 0,First,#,PWVOI_building_level,PWVOI_building_level.bldgidlong,-1,-1;AMRstart "AMRstart" true true false 8 Double 0 0,First,#,PWVOI_building_level,PWVOI_building_level.AMRstart,-1,-1;PWVOIstart "PWVOIstart" true true false 4 Long 0 0,First,#,PWVOI_building_level,PWVOI_building_level.PWVOIstart,-1,-1;AMRend "AMRend" true true false 8 Double 0 0,First,#,PWVOI_building_level,PWVOI_building_level.AMRend,-1,-1;PWVOIend "PWVOIend" true true false 4 Long 0 0,First,#,PWVOI_building_level,PWVOI_building_level.PWVOIend,-1,-1;Shape_Length "Shape_Length" false true true 8 Double 0 0,First,#,PWVOI_building_level,PWVOI_building_level.Shape_Length,-1,-1;OBJECTID "OBJECTID" false true false 4 Long 0 9,First,#,PWVOI_building_level,PWVOI_building_level_SummarizeAttributes.OBJECTID,-1,-1;bldgId "bldgId" true true false 10485758 Text 0 0,First,#,PWVOI_building_level,PWVOI_building_level_SummarizeAttributes.bldgId,0,10485758;COUNT "COUNT" true true false 8 Double 0 0,First,#,PWVOI_building_level,PWVOI_building_level_SummarizeAttributes.COUNT,-1,-1;MEAN_AMRstart "MEAN_AMRstart" true true false 8 Double 0 0,First,#,PWVOI_building_level,PWVOI_building_level_SummarizeAttributes.MEAN_AMRstart,-1,-1;MEAN_AMRend "MEAN_AMRend" true true false 8 Double 0 0,First,#,PWVOI_building_level,PWVOI_building_level_SummarizeAttributes.MEAN_AMRend,-1,-1;bldgidlong "bldgidlong" true true false 4 Long 0 0,First,#,PWVOI_building_level,PWVOI_building_level_SummarizeAttributes.bldgidlong,-1,-1" #</Process><Process ToolSource="c:\program files\arcgis\pro\Resources\ArcToolbox\toolboxes\Data Management Tools.tbx\UpdateSchema" Date="20230922" Time="224026">UpdateSchema "CIMDATA=&lt;CIMStandardDataConnection xsi:type='typens:CIMStandardDataConnection' xmlns:xsi='http://www.w3.org/2001/XMLSchema-instance' xmlns:xs='http://www.w3.org/2001/XMLSchema' xmlns:typens='http://www.esri.com/schemas/ArcGIS/3.0.0'&gt;&lt;WorkspaceConnectionString&gt;DATABASE=E:\Software\ArcGISPro\Projects\20230922_thesis_chapter7\20230922_thesis_chapter7.gdb&lt;/WorkspaceConnectionString&gt;&lt;WorkspaceFactory&gt;FileGDB&lt;/WorkspaceFactory&gt;&lt;Dataset&gt;PWVOI_building_with_avg_pwvoi&lt;/Dataset&gt;&lt;DatasetType&gt;esriDTFeatureClass&lt;/DatasetType&gt;&lt;/CIMStandardDataConnection&gt;" &lt;operationSequence&gt;&lt;workflow&gt;&lt;AddField&gt;&lt;field_name&gt;avg_pwvoi&lt;/field_name&gt;&lt;field_type&gt;DOUBLE&lt;/field_type&gt;&lt;field_is_nullable&gt;True&lt;/field_is_nullable&gt;&lt;field_is_required&gt;False&lt;/field_is_required&gt;&lt;/AddField&gt;&lt;/workflow&gt;&lt;/operationSequence&gt;</Process><Process ToolSource="c:\program files\arcgis\pro\Resources\ArcToolbox\toolboxes\Data Management Tools.tbx\CalculateField" Date="20230922" Time="224125">CalculateField PWVOI_building_with_avg_pwvoi avg_pwvoi round((!MEAN_AMRstart! + !MEAN_AMRend!)/2) "Python 3" # Text NO_ENFORCE_DOMAINS</Process><Process ToolSource="e:\software\arcgispro\arcgispro_instal\instal\Resources\ArcToolbox\toolboxes\Conversion Tools.tbx\ExportFeatures" Date="20241128" Time="130007">ExportFeatures PWVOI_bldg E:\Software\dropbox2024\Dropbox\Moving\20241108_HumanPerceivedOpenness\WindowViewDatasets\PWVOI_bldg.shp # NOT_USE_ALIAS "affId "affId" true true false 4 Long 0 0,First,#,PWVOI_bldg,affId,-1,-1;BaseLevelA "BaseLevelA" true true false 8 Double 0 0,First,#,PWVOI_bldg,BaseLevelA,-1,-1;BaseLevelB "BaseLevelB" true true false 8 Double 0 0,First,#,PWVOI_bldg,BaseLevelB,-1,-1;bldgId "bldgId" true true false 254 Text 0 0,First,#,PWVOI_bldg,bldgId,0,253;facadeId "facadeId" true true false 4 Long 0 0,First,#,PWVOI_bldg,facadeId,-1,-1;FloorHeigh "FloorHeigh" true true false 8 Double 0 0,First,#,PWVOI_bldg,FloorHeigh,-1,-1;floorLevel "floorLevel" true true false 8 Double 0 0,First,#,PWVOI_bldg,floorLevel,-1,-1;heading "heading" true true false 8 Double 0 0,First,#,PWVOI_bldg,heading,-1,-1;NUM_STOREY "NUM_STOREY" true true false 4 Long 0 0,First,#,PWVOI_bldg,NUM_STOREY,-1,-1;pointEndX "pointEndX" true true false 8 Double 0 0,First,#,PWVOI_bldg,pointEndX,-1,-1;pointEndY "pointEndY" true true false 8 Double 0 0,First,#,PWVOI_bldg,pointEndY,-1,-1;pointStart "pointStart" true true false 8 Double 0 0,First,#,PWVOI_bldg,pointStart,-1,-1;pointSta_1 "pointSta_1" true true false 8 Double 0 0,First,#,PWVOI_bldg,pointSta_1,-1,-1;RoofLevelA "RoofLevelA" true true false 8 Double 0 0,First,#,PWVOI_bldg,RoofLevelA,-1,-1;RoofLevelB "RoofLevelB" true true false 8 Double 0 0,First,#,PWVOI_bldg,RoofLevelB,-1,-1;Shape_Leng "Shape_Leng" true true false 8 Double 0 0,First,#,PWVOI_bldg,Shape_Leng,-1,-1;bldgidlong "bldgidlong" true true false 4 Long 0 0,First,#,PWVOI_bldg,bldgidlong,-1,-1;AMRstart "AMRstart" true true false 8 Double 0 0,First,#,PWVOI_bldg,AMRstart,-1,-1;PWVOIstart "PWVOIstart" true true false 4 Long 0 0,First,#,PWVOI_bldg,PWVOIstart,-1,-1;AMRend "AMRend" true true false 8 Double 0 0,First,#,PWVOI_bldg,AMRend,-1,-1;PWVOIend "PWVOIend" true true false 4 Long 0 0,First,#,PWVOI_bldg,PWVOIend,-1,-1;OBJECTID "OBJECTID" true true false 4 Long 0 0,First,#,PWVOI_bldg,OBJECTID,-1,-1;bldgId_1 "bldgId" true true false 10485758 Text 0 0,First,#,PWVOI_bldg,bldgId_1,0,10485757;COUNT "COUNT" true true false 8 Double 0 0,First,#,PWVOI_bldg,COUNT,-1,-1;MEAN_AMRstart "MEAN_AMRstart" true true false 8 Double 0 0,First,#,PWVOI_bldg,MEAN_AMRstart,-1,-1;MEAN_AMRend "MEAN_AMRend" true true false 8 Double 0 0,First,#,PWVOI_bldg,MEAN_AMRend,-1,-1;bldgidlong_1 "bldgidlong" true true false 4 Long 0 0,First,#,PWVOI_bldg,bldgidlong_1,-1,-1;Shape_Length "Shape_Length" false true true 8 Double 0 0,First,#,PWVOI_bldg,Shape_Length,-1,-1;avg_pwvoi "avg_pwvoi" true true false 8 Double 0 0,First,#,PWVOI_bldg,avg_pwvoi,-1,-1" #</Process></lineage><itemProps><itemName Sync="TRUE">PWVOI_bldg</itemName><imsContentType Sync="TRUE">002</imsContentType><itemLocation><linkage Sync="TRUE">file://\\DESKTOP-R2GGTB0\E$\Software\dropbox2024\Dropbox\Moving\20241108_HumanPerceivedOpenness\WindowViewDatasets\PWVOI_bldg.shp</linkage><protocol Sync="TRUE">Local Area Network</protocol></itemLocation><itemSize Sync="TRUE">0.000</itemSize></itemProps><coordRef><type Sync="TRUE">Projected</type><geogcsn Sync="TRUE">GCS_Hong_Kong_1980</geogcsn><csUnits Sync="TRUE">Linear Unit: Meter (1.000000)</csUnits><projcsn Sync="TRUE">Hong_Kong_1980_Grid</projcsn><peXml Sync="TRUE">&lt;ProjectedCoordinateSystem xsi:type='typens:ProjectedCoordinateSystem' xmlns:xsi='http://www.w3.org/2001/XMLSchema-instance' xmlns:xs='http://www.w3.org/2001/XMLSchema' xmlns:typens='http://www.esri.com/schemas/ArcGIS/3.2.0'&gt;&lt;WKT&gt;PROJCS[&amp;quot;Hong_Kong_1980_Grid&amp;quot;,GEOGCS[&amp;quot;GCS_Hong_Kong_1980&amp;quot;,DATUM[&amp;quot;D_Hong_Kong_1980&amp;quot;,SPHEROID[&amp;quot;International_1924&amp;quot;,6378388.0,297.0]],PRIMEM[&amp;quot;Greenwich&amp;quot;,0.0],UNIT[&amp;quot;Degree&amp;quot;,0.0174532925199433]],PROJECTION[&amp;quot;Transverse_Mercator&amp;quot;],PARAMETER[&amp;quot;False_Easting&amp;quot;,836694.05],PARAMETER[&amp;quot;False_Northing&amp;quot;,819069.8],PARAMETER[&amp;quot;Central_Meridian&amp;quot;,114.1785555555556],PARAMETER[&amp;quot;Scale_Factor&amp;quot;,1.0],PARAMETER[&amp;quot;Latitude_Of_Origin&amp;quot;,22.31213333333334],UNIT[&amp;quot;Meter&amp;quot;,1.0],AUTHORITY[&amp;quot;EPSG&amp;quot;,2326]]&lt;/WKT&gt;&lt;XOrigin&gt;-4786700&lt;/XOrigin&gt;&lt;YOrigin&gt;-11651800&lt;/YOrigin&gt;&lt;XYScale&gt;450249651.57241428&lt;/XYScale&gt;&lt;ZOrigin&gt;-100000&lt;/ZOrigin&gt;&lt;ZScale&gt;10000&lt;/ZScale&gt;&lt;MOrigin&gt;-100000&lt;/MOrigin&gt;&lt;MScale&gt;10000&lt;/MScale&gt;&lt;XYTolerance&gt;0.001&lt;/XYTolerance&gt;&lt;ZTolerance&gt;0.001&lt;/ZTolerance&gt;&lt;MTolerance&gt;0.001&lt;/MTolerance&gt;&lt;HighPrecision&gt;true&lt;/HighPrecision&gt;&lt;WKID&gt;102140&lt;/WKID&gt;&lt;LatestWKID&gt;2326&lt;/LatestWKID&gt;&lt;/ProjectedCoordinateSystem&gt;</peXml></coordRef></DataProperties><SyncDate>20241128</SyncDate><SyncTime>12595800</SyncTime><ModDate>20241128</ModDate><ModTime>12595800</ModTime></Esri><dataIdInfo><envirDesc Sync="TRUE">Microsoft Windows 10 Version 10.0 (Build 22631) ; Esri ArcGIS 13.2.0.49743</envirDesc><dataLang><languageCode value="eng" Sync="TRUE"></languageCode><countryCode value="USA" Sync="TRUE"></countryCode></dataLang><idCitation><resTitle Sync="TRUE">PWVOI_bldg</resTitle><presForm><PresFormCd value="005" Sync="TRUE"></PresFormCd></presForm></idCitation><spatRpType><SpatRepTypCd value="001" Sync="TRUE"></SpatRepTypCd></spatRpType></dataIdInfo><mdLang><languageCode value="eng" Sync="TRUE"></languageCode><countryCode value="USA" Sync="TRUE"></countryCode></mdLang><distInfo><distFormat><formatName Sync="TRUE">Shapefile</formatName></distFormat><distTranOps><transSize Sync="TRUE">0.000</transSize></distTranOps></distInfo><mdHrLv><ScopeCd value="005" Sync="TRUE"></ScopeCd></mdHrLv><mdHrLvName Sync="TRUE">dataset</mdHrLvName><refSysInfo><RefSystem><refSysID><identCode code="2326" Sync="TRUE"></identCode><idCodeSpace Sync="TRUE">EPSG</idCodeSpace><idVersion Sync="TRUE">6.9(9.0.0)</idVersion></refSysID></RefSystem></refSysInfo><spatRepInfo><VectSpatRep><geometObjs Name="PWVOI_bldg"><geoObjTyp><GeoObjTypCd value="002" Sync="TRUE"></GeoObjTypCd></geoObjTyp><geoObjCnt Sync="TRUE">0</geoObjCnt></geometObjs><topLvl><TopoLevCd value="001" Sync="TRUE"></TopoLevCd></topLvl></VectSpatRep></spatRepInfo><spdoinfo><ptvctinf><esriterm Name="PWVOI_bldg"><efeatyp Sync="TRUE">Simple</efeatyp><efeageom code="3" Sync="TRUE"></efeageom><esritopo Sync="TRUE">FALSE</esritopo><efeacnt Sync="TRUE">0</efeacnt><spindex Sync="TRUE">FALSE</spindex><linrefer Sync="TRUE">TRUE</linrefer></esriterm></ptvctinf></spdoinfo><eainfo><detailed Name="PWVOI_bldg"><enttyp><enttypl Sync="TRUE">PWVOI_bldg</enttypl><enttypt Sync="TRUE">Feature Class</enttypt><enttypc Sync="TRUE">0</enttypc></enttyp><attr><attrlabl Sync="TRUE">FID</attrlabl><attalias Sync="TRUE">FID</attalias><attrtype Sync="TRUE">OID</attrtype><attwidth Sync="TRUE">4</attwidth><atprecis Sync="TRUE">0</atprecis><attscale Sync="TRUE">0</attscale><attrdef Sync="TRUE">Internal feature number.</attrdef><attrdefs Sync="TRUE">Esri</attrdefs><attrdomv><udom Sync="TRUE">Sequential unique whole numbers that are automatically generated.</udom></attrdomv></attr><attr><attrlabl Sync="TRUE">OBJECTID</attrlabl><attalias Sync="TRUE">OBJECTID</attalias><attrtype Sync="TRUE">Integer</attrtype><attwidth Sync="TRUE">10</attwidth><atprecis Sync="TRUE">10</atprecis><attscale Sync="TRUE">0</attscale><attrdef Sync="TRUE">Internal feature number.</attrdef><attrdefs Sync="TRUE">Esri</attrdefs><attrdomv><udom Sync="TRUE">Sequential unique whole numbers that are automatically generated.</udom></attrdomv></attr><attr><attrlabl Sync="TRUE">Shape</attrlabl><attalias Sync="TRUE">Shape</attalias><attrtype Sync="TRUE">Geometry</attrtype><attwidth Sync="TRUE">0</attwidth><atprecis Sync="TRUE">0</atprecis><attscale Sync="TRUE">0</attscale><attrdef Sync="TRUE">Feature geometry.</attrdef><attrdefs Sync="TRUE">Esri</attrdefs><attrdomv><udom Sync="TRUE">Coordinates defining the features.</udom></attrdomv></attr><attr><attrlabl Sync="TRUE">affId</attrlabl><attalias Sync="TRUE">affId</attalias><attrtype Sync="TRUE">Integer</attrtype><attwidth Sync="TRUE">10</attwidth><atprecis Sync="TRUE">10</atprecis><attscale Sync="TRUE">0</attscale></attr><attr><attrlabl Sync="TRUE">BaseLevelA</attrlabl><attalias Sync="TRUE">BaseLevelA</attalias><attrtype Sync="TRUE">Double</attrtype><attwidth Sync="TRUE">19</attwidth><atprecis Sync="TRUE">0</atprecis><attscale Sync="TRUE">0</attscale></attr><attr><attrlabl Sync="TRUE">BaseLevelB</attrlabl><attalias Sync="TRUE">BaseLevelB</attalias><attrtype Sync="TRUE">Double</attrtype><attwidth Sync="TRUE">19</attwidth><atprecis Sync="TRUE">0</atprecis><attscale Sync="TRUE">0</attscale></attr><attr><attrlabl Sync="TRUE">bldgId</attrlabl><attalias Sync="TRUE">bldgId</attalias><attrtype Sync="TRUE">String</attrtype><attwidth Sync="TRUE">254</attwidth><atprecis Sync="TRUE">0</atprecis><attscale Sync="TRUE">0</attscale></attr><attr><attrlabl Sync="TRUE">facadeId</attrlabl><attalias Sync="TRUE">facadeId</attalias><attrtype Sync="TRUE">Integer</attrtype><attwidth Sync="TRUE">10</attwidth><atprecis Sync="TRUE">10</atprecis><attscale Sync="TRUE">0</attscale></attr><attr><attrlabl Sync="TRUE">FloorHeigh</attrlabl><attalias Sync="TRUE">FloorHeigh</attalias><attrtype Sync="TRUE">Double</attrtype><attwidth Sync="TRUE">19</attwidth><atprecis Sync="TRUE">0</atprecis><attscale Sync="TRUE">0</attscale></attr><attr><attrlabl Sync="TRUE">floorLevel</attrlabl><attalias Sync="TRUE">floorLevel</attalias><attrtype Sync="TRUE">Double</attrtype><attwidth Sync="TRUE">19</attwidth><atprecis Sync="TRUE">0</atprecis><attscale Sync="TRUE">0</attscale></attr><attr><attrlabl Sync="TRUE">heading</attrlabl><attalias Sync="TRUE">heading</attalias><attrtype Sync="TRUE">Double</attrtype><attwidth Sync="TRUE">19</attwidth><atprecis Sync="TRUE">0</atprecis><attscale Sync="TRUE">0</attscale></attr><attr><attrlabl Sync="TRUE">NUM_STOREY</attrlabl><attalias Sync="TRUE">NUM_STOREY</attalias><attrtype Sync="TRUE">Integer</attrtype><attwidth Sync="TRUE">10</attwidth><atprecis Sync="TRUE">10</atprecis><attscale Sync="TRUE">0</attscale></attr><attr><attrlabl Sync="TRUE">pointEndX</attrlabl><attalias Sync="TRUE">pointEndX</attalias><attrtype Sync="TRUE">Double</attrtype><attwidth Sync="TRUE">19</attwidth><atprecis Sync="TRUE">0</atprecis><attscale Sync="TRUE">0</attscale></attr><attr><attrlabl Sync="TRUE">pointEndY</attrlabl><attalias Sync="TRUE">pointEndY</attalias><attrtype Sync="TRUE">Double</attrtype><attwidth Sync="TRUE">19</attwidth><atprecis Sync="TRUE">0</atprecis><attscale Sync="TRUE">0</attscale></attr><attr><attrlabl Sync="TRUE">pointStart</attrlabl><attalias Sync="TRUE">pointStart</attalias><attrtype Sync="TRUE">Double</attrtype><attwidth Sync="TRUE">19</attwidth><atprecis Sync="TRUE">0</atprecis><attscale Sync="TRUE">0</attscale></attr><attr><attrlabl Sync="TRUE">pointSta_1</attrlabl><attalias Sync="TRUE">pointSta_1</attalias><attrtype Sync="TRUE">Double</attrtype><attwidth Sync="TRUE">19</attwidth><atprecis Sync="TRUE">0</atprecis><attscale Sync="TRUE">0</attscale></attr><attr><attrlabl Sync="TRUE">RoofLevelA</attrlabl><attalias Sync="TRUE">RoofLevelA</attalias><attrtype Sync="TRUE">Double</attrtype><attwidth Sync="TRUE">19</attwidth><atprecis Sync="TRUE">0</atprecis><attscale Sync="TRUE">0</attscale></attr><attr><attrlabl Sync="TRUE">RoofLevelB</attrlabl><attalias Sync="TRUE">RoofLevelB</attalias><attrtype Sync="TRUE">Double</attrtype><attwidth Sync="TRUE">19</attwidth><atprecis Sync="TRUE">0</atprecis><attscale Sync="TRUE">0</attscale></attr><attr><attrlabl Sync="TRUE">Shape_Leng</attrlabl><attalias Sync="TRUE">Shape_Leng</attalias><attrtype Sync="TRUE">Double</attrtype><attwidth Sync="TRUE">19</attwidth><atprecis Sync="TRUE">0</atprecis><attscale Sync="TRUE">0</attscale></attr><attr><attrlabl Sync="TRUE">bldgidlong</attrlabl><attalias Sync="TRUE">bldgidlong</attalias><attrtype Sync="TRUE">Integer</attrtype><attwidth Sync="TRUE">10</attwidth><atprecis Sync="TRUE">10</atprecis><attscale Sync="TRUE">0</attscale></attr><attr><attrlabl Sync="TRUE">AMRstart</attrlabl><attalias Sync="TRUE">AMRstart</attalias><attrtype Sync="TRUE">Double</attrtype><attwidth Sync="TRUE">19</attwidth><atprecis Sync="TRUE">0</atprecis><attscale Sync="TRUE">0</attscale></attr><attr><attrlabl Sync="TRUE">PWVOIstart</attrlabl><attalias Sync="TRUE">PWVOIstart</attalias><attrtype Sync="TRUE">Integer</attrtype><attwidth Sync="TRUE">10</attwidth><atprecis Sync="TRUE">10</atprecis><attscale Sync="TRUE">0</attscale></attr><attr><attrlabl Sync="TRUE">AMRend</attrlabl><attalias Sync="TRUE">AMRend</attalias><attrtype Sync="TRUE">Double</attrtype><attwidth Sync="TRUE">19</attwidth><atprecis Sync="TRUE">0</atprecis><attscale Sync="TRUE">0</attscale></attr><attr><attrlabl Sync="TRUE">PWVOIend</attrlabl><attalias Sync="TRUE">PWVOIend</attalias><attrtype Sync="TRUE">Integer</attrtype><attwidth Sync="TRUE">10</attwidth><atprecis Sync="TRUE">10</atprecis><attscale Sync="TRUE">0</attscale></attr><attr><attrlabl Sync="TRUE">bldgId_1</attrlabl><attalias Sync="TRUE">bldgId_1</attalias><attrtype Sync="TRUE">String</attrtype><attwidth Sync="TRUE">254</attwidth><atprecis Sync="TRUE">0</atprecis><attscale Sync="TRUE">0</attscale></attr><attr><attrlabl Sync="TRUE">COUNT</attrlabl><attalias Sync="TRUE">COUNT</attalias><attrtype Sync="TRUE">Double</attrtype><attwidth Sync="TRUE">19</attwidth><atprecis Sync="TRUE">0</atprecis><attscale Sync="TRUE">0</attscale></attr><attr><attrlabl Sync="TRUE">MEAN_AMRst</attrlabl><attalias Sync="TRUE">MEAN_AMRst</attalias><attrtype Sync="TRUE">Double</attrtype><attwidth Sync="TRUE">19</attwidth><atprecis Sync="TRUE">0</atprecis><attscale Sync="TRUE">0</attscale></attr><attr><attrlabl Sync="TRUE">MEAN_AMRen</attrlabl><attalias Sync="TRUE">MEAN_AMRen</attalias><attrtype Sync="TRUE">Double</attrtype><attwidth Sync="TRUE">19</attwidth><atprecis Sync="TRUE">0</atprecis><attscale Sync="TRUE">0</attscale></attr><attr><attrlabl Sync="TRUE">bldgidlo_1</attrlabl><attalias Sync="TRUE">bldgidlo_1</attalias><attrtype Sync="TRUE">Integer</attrtype><attwidth Sync="TRUE">10</attwidth><atprecis Sync="TRUE">10</atprecis><attscale Sync="TRUE">0</attscale></attr><attr><attrlabl Sync="TRUE">Shape_Le_1</attrlabl><attalias Sync="TRUE">Shape_Le_1</attalias><attrtype Sync="TRUE">Double</attrtype><attwidth Sync="TRUE">19</attwidth><atprecis Sync="TRUE">0</atprecis><attscale Sync="TRUE">0</attscale></attr><attr><attrlabl Sync="TRUE">avg_pwvoi</attrlabl><attalias Sync="TRUE">avg_pwvoi</attalias><attrtype Sync="TRUE">Double</attrtype><attwidth Sync="TRUE">19</attwidth><atprecis Sync="TRUE">0</atprecis><attscale Sync="TRUE">0</attscale></attr></detailed></eainfo><mdDateSt Sync="TRUE">20241128</mdDateSt></metadata>
