<metadata xml:lang="en"><Esri><CreaDate>20230922</CreaDate><CreaTime>10524500</CreaTime><ArcGISFormat>1.0</ArcGISFormat><SyncOnce>FALSE</SyncOnce><DataProperties><lineage><Process ToolSource="c:\program files\arcgis\pro\Resources\ArcToolbox\toolboxes\Data Management Tools.tbx\CreateFeatureclass" Date="20230922" Time="105245">CreateFeatureclass E:\Software\ArcGISPro\Projects\20230922_thesis_chapter7\20230922_thesis_chapter7.gdb point_pwvoi_XYTableToPoint1 Point point_pwvoi.csv No Yes "PROJCS["Hong_Kong_1980_Grid",GEOGCS["GCS_Hong_Kong_1980",DATUM["D_Hong_Kong_1980",SPHEROID["International_1924",6378388.0,297.0]],PRIMEM["Greenwich",0.0],UNIT["Degree",0.0174532925199433]],PROJECTION["Transverse_Mercator"],PARAMETER["False_Easting",836694.05],PARAMETER["False_Northing",819069.8],PARAMETER["Central_Meridian",114.1785555555556],PARAMETER["Scale_Factor",1.0],PARAMETER["Latitude_Of_Origin",22.31213333333334],UNIT["Meter",1.0]],VERTCS["Hong_Kong_Principal_Datum",VDATUM["Hong_Kong_Principal_Datum"],PARAMETER["Vertical_Shift",0.0],PARAMETER["Direction",1.0],UNIT["Meter",1.0]];-4786700 -11651800 10000;-100000 10000;-100000 10000;0.001;0.001;0.001;IsHighPrecision" # 0 0 0 #</Process><Process ToolSource="c:\program files\arcgis\pro\Resources\ArcToolbox\toolboxes\Data Management Tools.tbx\XYTableToPoint" Date="20230922" Time="105252">XYTableToPoint point_pwvoi.csv E:\Software\ArcGISPro\Projects\20230922_thesis_chapter7\20230922_thesis_chapter7.gdb\point_pwvoi_XYTableToPoint1 lon lat elevation "PROJCS["Hong_Kong_1980_Grid",GEOGCS["GCS_Hong_Kong_1980",DATUM["D_Hong_Kong_1980",SPHEROID["International_1924",6378388.0,297.0]],PRIMEM["Greenwich",0.0],UNIT["Degree",0.0174532925199433]],PROJECTION["Transverse_Mercator"],PARAMETER["False_Easting",836694.05],PARAMETER["False_Northing",819069.8],PARAMETER["Central_Meridian",114.1785555555556],PARAMETER["Scale_Factor",1.0],PARAMETER["Latitude_Of_Origin",22.31213333333334],UNIT["Meter",1.0]],VERTCS["Hong_Kong_Principal_Datum",VDATUM["Hong_Kong_Principal_Datum"],PARAMETER["Vertical_Shift",0.0],PARAMETER["Direction",1.0],UNIT["Meter",1.0]];-4786700 -11651800 10000;-100000 10000;-100000 10000;0.001;0.001;0.001;IsHighPrecision"</Process><Process ToolSource="e:\software\arcgispro\arcgispro_instal\instal\Resources\ArcToolbox\toolboxes\Conversion Tools.tbx\ExportFeatures" Date="20241128" Time="130405">ExportFeatures point_pwvoi_XYTableToPoint1 E:\Software\dropbox2024\Dropbox\Moving\20241108_HumanPerceivedOpenness\WindowViewDatasets\PWVOI_window_site.shp # NOT_USE_ALIAS "no "no" true true false 4 Long 0 0,First,#,point_pwvoi_XYTableToPoint1,no,-1,-1;bldg_uid "bldg_uid" true true false 4 Long 0 0,First,#,point_pwvoi_XYTableToPoint1,bldg_uid,-1,-1;bldg_id "bldg_id" true true false 4 Long 0 0,First,#,point_pwvoi_XYTableToPoint1,bldg_id,-1,-1;facade_id "facade_id" true true false 4 Long 0 0,First,#,point_pwvoi_XYTableToPoint1,facade_id,-1,-1;view_id "view_id" true true false 4 Long 0 0,First,#,point_pwvoi_XYTableToPoint1,view_id,-1,-1;lon "lon" true true false 8 Double 0 0,First,#,point_pwvoi_XYTableToPoint1,lon,-1,-1;lat "lat" true true false 8 Double 0 0,First,#,point_pwvoi_XYTableToPoint1,lat,-1,-1;elevation "elevation" true true false 8 Double 0 0,First,#,point_pwvoi_XYTableToPoint1,elevation,-1,-1;heading "heading" true true false 8 Double 0 0,First,#,point_pwvoi_XYTableToPoint1,heading,-1,-1;AMR_pred "AMR_pred" true true false 8 Double 0 0,First,#,point_pwvoi_XYTableToPoint1,AMR_pred,-1,-1;PWVOI "PWVOI" true true false 4 Long 0 0,First,#,point_pwvoi_XYTableToPoint1,PWVOI,-1,-1" #</Process></lineage><itemProps><itemName Sync="TRUE">PWVOI_window_site</itemName><imsContentType Sync="TRUE">002</imsContentType><itemSize Sync="TRUE">0.000</itemSize><itemLocation><linkage Sync="TRUE">file://\\DESKTOP-R2GGTB0\E$\Software\dropbox2024\Dropbox\Moving\20241108_HumanPerceivedOpenness\WindowViewDatasets\PWVOI_window_site.shp</linkage><protocol Sync="TRUE">Local Area Network</protocol></itemLocation></itemProps><coordRef><type Sync="TRUE">Projected</type><geogcsn Sync="TRUE">GCS_Hong_Kong_1980</geogcsn><csUnits Sync="TRUE">Linear Unit: Meter (1.000000)</csUnits><projcsn Sync="TRUE">Hong_Kong_1980_Grid</projcsn><peXml Sync="TRUE">&lt;ProjectedCoordinateSystem xsi:type='typens:ProjectedCoordinateSystem' xmlns:xsi='http://www.w3.org/2001/XMLSchema-instance' xmlns:xs='http://www.w3.org/2001/XMLSchema' xmlns:typens='http://www.esri.com/schemas/ArcGIS/3.2.0'&gt;&lt;WKT&gt;PROJCS[&amp;quot;Hong_Kong_1980_Grid&amp;quot;,GEOGCS[&amp;quot;GCS_Hong_Kong_1980&amp;quot;,DATUM[&amp;quot;D_Hong_Kong_1980&amp;quot;,SPHEROID[&amp;quot;International_1924&amp;quot;,6378388.0,297.0]],PRIMEM[&amp;quot;Greenwich&amp;quot;,0.0],UNIT[&amp;quot;Degree&amp;quot;,0.0174532925199433]],PROJECTION[&amp;quot;Transverse_Mercator&amp;quot;],PARAMETER[&amp;quot;False_Easting&amp;quot;,836694.05],PARAMETER[&amp;quot;False_Northing&amp;quot;,819069.8],PARAMETER[&amp;quot;Central_Meridian&amp;quot;,114.1785555555556],PARAMETER[&amp;quot;Scale_Factor&amp;quot;,1.0],PARAMETER[&amp;quot;Latitude_Of_Origin&amp;quot;,22.31213333333334],UNIT[&amp;quot;Meter&amp;quot;,1.0],AUTHORITY[&amp;quot;EPSG&amp;quot;,2326]],VERTCS[&amp;quot;Hong_Kong_Principal_Datum&amp;quot;,VDATUM[&amp;quot;Hong_Kong_Principal_Datum&amp;quot;],PARAMETER[&amp;quot;Vertical_Shift&amp;quot;,0.0],PARAMETER[&amp;quot;Direction&amp;quot;,1.0],UNIT[&amp;quot;Meter&amp;quot;,1.0],AUTHORITY[&amp;quot;EPSG&amp;quot;,5738]]&lt;/WKT&gt;&lt;XOrigin&gt;-4786700&lt;/XOrigin&gt;&lt;YOrigin&gt;-11651800&lt;/YOrigin&gt;&lt;XYScale&gt;450249651.57241428&lt;/XYScale&gt;&lt;ZOrigin&gt;-100000&lt;/ZOrigin&gt;&lt;ZScale&gt;10000&lt;/ZScale&gt;&lt;MOrigin&gt;-100000&lt;/MOrigin&gt;&lt;MScale&gt;10000&lt;/MScale&gt;&lt;XYTolerance&gt;0.001&lt;/XYTolerance&gt;&lt;ZTolerance&gt;0.001&lt;/ZTolerance&gt;&lt;MTolerance&gt;0.001&lt;/MTolerance&gt;&lt;HighPrecision&gt;true&lt;/HighPrecision&gt;&lt;WKID&gt;102140&lt;/WKID&gt;&lt;LatestWKID&gt;2326&lt;/LatestWKID&gt;&lt;VCSWKID&gt;5738&lt;/VCSWKID&gt;&lt;LatestVCSWKID&gt;5738&lt;/LatestVCSWKID&gt;&lt;/ProjectedCoordinateSystem&gt;</peXml></coordRef></DataProperties><SyncDate>20241128</SyncDate><SyncTime>13040100</SyncTime><ModDate>20241128</ModDate><ModTime>13040100</ModTime></Esri><dataIdInfo><envirDesc Sync="TRUE">Microsoft Windows 10 Version 10.0 (Build 22631) ; Esri ArcGIS 13.2.0.49743</envirDesc><dataLang><languageCode value="eng" Sync="TRUE"></languageCode><countryCode value="USA" Sync="TRUE"></countryCode></dataLang><idCitation><resTitle Sync="TRUE">PWVOI_window_site</resTitle><presForm><PresFormCd value="005" Sync="TRUE"></PresFormCd></presForm></idCitation><spatRpType><SpatRepTypCd value="001" Sync="TRUE"></SpatRepTypCd></spatRpType></dataIdInfo><mdLang><languageCode value="eng" Sync="TRUE"></languageCode><countryCode value="USA" Sync="TRUE"></countryCode></mdLang><distInfo><distFormat><formatName Sync="TRUE">Shapefile</formatName></distFormat><distTranOps><transSize Sync="TRUE">0.000</transSize></distTranOps></distInfo><mdHrLv><ScopeCd value="005" Sync="TRUE"></ScopeCd></mdHrLv><mdHrLvName Sync="TRUE">dataset</mdHrLvName><refSysInfo><RefSystem><refSysID><identCode code="2326" Sync="TRUE"></identCode><idCodeSpace Sync="TRUE">EPSG</idCodeSpace><idVersion Sync="TRUE">6.9(9.0.0)</idVersion></refSysID></RefSystem></refSysInfo><spatRepInfo><VectSpatRep><geometObjs Name="PWVOI_window_site"><geoObjTyp><GeoObjTypCd value="004" Sync="TRUE"></GeoObjTypCd></geoObjTyp><geoObjCnt Sync="TRUE">0</geoObjCnt></geometObjs><topLvl><TopoLevCd value="001" Sync="TRUE"></TopoLevCd></topLvl></VectSpatRep></spatRepInfo><spdoinfo><ptvctinf><esriterm Name="PWVOI_window_site"><efeatyp Sync="TRUE">Simple</efeatyp><efeageom code="1" Sync="TRUE"></efeageom><esritopo Sync="TRUE">FALSE</esritopo><efeacnt Sync="TRUE">0</efeacnt><spindex Sync="TRUE">FALSE</spindex><linrefer Sync="TRUE">TRUE</linrefer></esriterm></ptvctinf></spdoinfo><eainfo><detailed Name="PWVOI_window_site"><enttyp><enttypl Sync="TRUE">PWVOI_window_site</enttypl><enttypt Sync="TRUE">Feature Class</enttypt><enttypc Sync="TRUE">0</enttypc></enttyp><attr><attrlabl Sync="TRUE">FID</attrlabl><attalias Sync="TRUE">FID</attalias><attrtype Sync="TRUE">OID</attrtype><attwidth Sync="TRUE">4</attwidth><atprecis Sync="TRUE">0</atprecis><attscale Sync="TRUE">0</attscale><attrdef Sync="TRUE">Internal feature number.</attrdef><attrdefs Sync="TRUE">Esri</attrdefs><attrdomv><udom Sync="TRUE">Sequential unique whole numbers that are automatically generated.</udom></attrdomv></attr><attr><attrlabl Sync="TRUE">Shape</attrlabl><attalias Sync="TRUE">Shape</attalias><attrtype Sync="TRUE">Geometry</attrtype><attwidth Sync="TRUE">0</attwidth><atprecis Sync="TRUE">0</atprecis><attscale Sync="TRUE">0</attscale><attrdef Sync="TRUE">Feature geometry.</attrdef><attrdefs Sync="TRUE">Esri</attrdefs><attrdomv><udom Sync="TRUE">Coordinates defining the features.</udom></attrdomv></attr><attr><attrlabl Sync="TRUE">no</attrlabl><attalias Sync="TRUE">no</attalias><attrtype Sync="TRUE">Integer</attrtype><attwidth Sync="TRUE">10</attwidth><atprecis Sync="TRUE">10</atprecis><attscale Sync="TRUE">0</attscale></attr><attr><attrlabl Sync="TRUE">bldg_uid</attrlabl><attalias Sync="TRUE">bldg_uid</attalias><attrtype Sync="TRUE">Integer</attrtype><attwidth Sync="TRUE">10</attwidth><atprecis Sync="TRUE">10</atprecis><attscale Sync="TRUE">0</attscale></attr><attr><attrlabl Sync="TRUE">bldg_id</attrlabl><attalias Sync="TRUE">bldg_id</attalias><attrtype Sync="TRUE">Integer</attrtype><attwidth Sync="TRUE">10</attwidth><atprecis Sync="TRUE">10</atprecis><attscale Sync="TRUE">0</attscale></attr><attr><attrlabl Sync="TRUE">facade_id</attrlabl><attalias Sync="TRUE">facade_id</attalias><attrtype Sync="TRUE">Integer</attrtype><attwidth Sync="TRUE">10</attwidth><atprecis Sync="TRUE">10</atprecis><attscale Sync="TRUE">0</attscale></attr><attr><attrlabl Sync="TRUE">view_id</attrlabl><attalias Sync="TRUE">view_id</attalias><attrtype Sync="TRUE">Integer</attrtype><attwidth Sync="TRUE">10</attwidth><atprecis Sync="TRUE">10</atprecis><attscale Sync="TRUE">0</attscale></attr><attr><attrlabl Sync="TRUE">lon</attrlabl><attalias Sync="TRUE">lon</attalias><attrtype Sync="TRUE">Double</attrtype><attwidth Sync="TRUE">19</attwidth><atprecis Sync="TRUE">0</atprecis><attscale Sync="TRUE">0</attscale></attr><attr><attrlabl Sync="TRUE">lat</attrlabl><attalias Sync="TRUE">lat</attalias><attrtype Sync="TRUE">Double</attrtype><attwidth Sync="TRUE">19</attwidth><atprecis Sync="TRUE">0</atprecis><attscale Sync="TRUE">0</attscale></attr><attr><attrlabl Sync="TRUE">elevation</attrlabl><attalias Sync="TRUE">elevation</attalias><attrtype Sync="TRUE">Double</attrtype><attwidth Sync="TRUE">19</attwidth><atprecis Sync="TRUE">0</atprecis><attscale Sync="TRUE">0</attscale></attr><attr><attrlabl Sync="TRUE">heading</attrlabl><attalias Sync="TRUE">heading</attalias><attrtype Sync="TRUE">Double</attrtype><attwidth Sync="TRUE">19</attwidth><atprecis Sync="TRUE">0</atprecis><attscale Sync="TRUE">0</attscale></attr><attr><attrlabl Sync="TRUE">AMR_pred</attrlabl><attalias Sync="TRUE">AMR_pred</attalias><attrtype Sync="TRUE">Double</attrtype><attwidth Sync="TRUE">19</attwidth><atprecis Sync="TRUE">0</atprecis><attscale Sync="TRUE">0</attscale></attr><attr><attrlabl Sync="TRUE">PWVOI</attrlabl><attalias Sync="TRUE">PWVOI</attalias><attrtype Sync="TRUE">Integer</attrtype><attwidth Sync="TRUE">10</attwidth><atprecis Sync="TRUE">10</atprecis><attscale Sync="TRUE">0</attscale></attr></detailed></eainfo><mdDateSt Sync="TRUE">20241128</mdDateSt></metadata>
